 ANDRO TUTORS ,  Superecell por favor na pr√≥xima atualiza√ß√£o tirem esse lance de abrir um ba√∫ de cada vez pra que possa abrir todos de uma vez por que ficar esperando 3 horas 8 horas 12 horas por um ba√∫ enquanto a gente n√£o tem espa√ßo pra colocar os ba√∫s isso atrapalha o nosso progresso por favor levem a minha opini√£o em considera√ß√£o  Resenha completa  ,19 de janeiro de 2018,Com a classifica√ß√£o 5 de cinco estrelas
 Dhyego FNAF ,  Essa porcaria bugou eu tava na arena 7 e o jogo parou de funcionar eu tava conectado com o Google play games mesmo assim essa bosta n√£o salvou meu progresso eu tive que limpar os dados do jogo e quando eu entrei o jogo me colocou de volta na √°rea 1 ajeiten isso e eu dou 5 estrelas  Resenha completa  ,20 de janeiro de 2018,Com a classifica√ß√£o 3 de cinco estrelas
 P√¥nei de Tr√≥ia ,  S√≥ pe√ßo pros desenvolvedores resolverem o problema do teclado que buga na hora de digitar e n√£o abre de jeito nenhum E tamb√©m pra colocarem um sistema de balanceamento de n√≠veis porque t√™m v√°rios caras que descem de arena s√≥ pra trolagem nas arenas mais baixas  Resenha completa  ,17 de janeiro de 2018,Com a classifica√ß√£o 5 de cinco estrelas
 ,  O jogo √© bom mais o mas √†s vezes quando a gente coloca em uma batalha e depois vamos cancelar a batalha ele n√£o cancela ent√£o por favor arruma isto e tamb√©m √© injusto e ruim quando a gente est√° em um n√≠vel abaixo os outro est√° em um nivel muito acima da gente e √© dif√≠cil levar a torre deles  Resenha completa  ,19 de janeiro de 2018,Com a classifica√ß√£o 5 de cinco estrelas
 Rozevania Nacimento ,  Dei 4 estrelas porque voc√™s tem que ajeitar o bug do ba√∫ da coroa e do ba√∫ do cl√£ que quando os 2 ba√∫s s√£o aberto sai ba√∫s de ouro fora isso no jogo t√° muito bom e consertem o balanceamento t√° doido n√≠vel 11 na arena 9 e sacanagem üòë  Resenha completa  ,16 de janeiro de 2018,Com a classifica√ß√£o 4 de cinco estrelas
 SANDRO GPLAYS ,  SUPERCEL RESOLVAM ISSO TO COM O BAU DO REI LENDARIO BUGADO  COMPLETEI A MISS√ÉO  E QUANDO EU TENTO ABRIR O BA√ö DIZ Q EU TO COM ERRO 104 E ME MANDA PRO SITE NO GOGLE DE AJUDA  Resenha completa  ,14 de janeiro de 2018,Com a classifica√ß√£o 5 de cinco estrelas
 Sandra Olintho ,  Um dos melhores jogos da supercell mas tambem vcs podiama tirar as tres derrotas dos desafio pq nem todo mundo tem 100 gemas parapoder jogar denovo se ler esse recado espero q entenda adoro ses jogos  Resenha completa  ,7 de janeiro de 2018,Com a classifica√ß√£o 5 de cinco estrelas
 Kauan Yt ,  SUPERCELL Pq vc n fazem um Clash Royale off line pq minha internet √© um lixo queria entrar num cl√£ era o √∫nico cl√£ com um ba√∫ √≥timo mais minha internet n deixou n aguento mais perder batalhas por causa da internet pf coloquem um modo off line no jogo pelo amor de deus  Resenha completa  ,20 de janeiro de 2018,Com a classifica√ß√£o 3 de cinco estrelas
 ,  E um jogo maravilhoso viciante s√≥ queria que n demorasse tanto quando por os personagens mais tirando isso o jogo √© incr√≠vel e tamb√©m queria deixar um atendo para todos que jogam cuidado meu colega foi hackeado na arena 10 depois que ele me falou quase desinstalei s√≥ que n consegui j√° estou na arena 9 n da n√©  Resenha completa  ,1 de janeiro de 2018,Com a classifica√ß√£o 5 de cinco estrelas
 Otavio clesh ,  Olha supercell  ta chegando natal dava  pra vcs fazer um bau natalino que venha algumas lendarias e n√£o desafios nen todo mundo e bom em desafios nen que seja cada um que vc clopleta desafio venha algumas lendarias  cada curtida nesse comentario vcs v√£o ver se fazen isso natal ja e domingo n√£o e um dia gualquer como quase sempre ne vcs compriendem  Resenha completa  ,22 de dezembro de 2017,Com a classifica√ß√£o 5 de cinco estrelas
 Max Sayan ,  Bom Supercell o jogo √©  muito bom mais dava para voc√™s  bofarem na nova atualiza√ß√£o  o modo campanha ou modo onfline  porque tem vezes que eu n√£o  t√¥ em casa e quero jogar clash royale se voc√™  pude sem me responder sobre isso eu adoraria  Resenha completa  ,29 de dezembro de 2017,Com a classifica√ß√£o 5 de cinco estrelas
 ,  Eles tiraram as conquistas e isso ficou muito ruim por para quem t√° come√ßando ganhava muita XP e conseguia subir de nivel mais r√°pido agora s√≥ usando caretas para subir da√≠ vc s√≥ pega cara levei muito mais alto um a traz DO outro e desce muito trofel da√≠ fica dif√≠cil gostar de jogar o game  Resenha completa  ,14 de dezembro de 2017,Com a classifica√ß√£o 4 de cinco estrelas
 Enmadou Rokuro ,"  Eu jogo Clash Royale a uns anos e o jogo √© realmente √≥timo, mas nesta √∫ltima atualiza√ß√£o ( 13/12 eu acho) os ba√∫s da coroa e do cl√£ bugaram e agora estes dois ba√∫s viraram ba√∫s de ouro. N√£o sei se √© s√≥ comigo isso. Mas tirando isso o jogo √© LOKO ‚Ä¢‚àÜ‚Ä¢  Resenha completa  ",28 de dezembro de 2017,Com a classifica√ß√£o 5 de cinco estrelas
 Victor Craft ,  O jogo √© muito bom mas tem que melhorar algumas coisas por exemplo tem gente que s√≥ ganha ba√∫ de prata melhora os ba√∫s sou arena 6 e n√£o tenho nenhuma lend√°ria a jogabilidade est√° muito bom os gr√°ficos tamb√©m mas tem que melhorar os desafios tem desafio que custa 7 horas para aparecer abaixa as horas o jogo est√° de parab√©ns  Resenha completa  ,21 de dezembro de 2017,Com a classifica√ß√£o 5 de cinco estrelas
 Leonardo Teixeira de Andrade ,  E um jogo muito legal mesmo que horas posso passar para o nome de hoje para o nome da empresa e de hoje para que eu vou te enviar o comprovante da empresa que tem uma posi√ß√£o sua inscri√ß√£o aqui yi que eu vou fazer um jogo Att Fernanda e do adolescente e bjs e obrigada pela aten√ß√£o que horas vc vai ter que horas posso vc vai ter treino de welbert que eu possa dar continuidade ao processo de  Resenha completa  ,22 de dezembro de 2017,Com a classifica√ß√£o 5 de cinco estrelas
 02Gamer01 Machado ,"  Muito bom mas meu amigo esta muito trite com a Supercell por no Clash Royale dele ele esta com gemas negztivas ou seja ele n√£o pode entrar em nehum evento, torneio ou desafio arrumem isso por favor pra ele o nick dele no jogo √© gabrielcrazy  Resenha completa  ",14 de janeiro de 2018,Com a classifica√ß√£o 4 de cinco estrelas
 kayque Gamer ,  Cara o jogo √© bom mais da tendo uma sobrecarga de pessoas usando morteiro acima de 5000 trof√©us isso d√° deixando o jogo chato pois ou √© deck morteiro ou lend√°ria super upada nunca tem como antigamente 500 deck de gigante ou 500 deck de gangue de goblins isso est√° deixando o jogo enjoativo.  Resenha completa  ,19 de janeiro de 2018,Com a classifica√ß√£o 4 de cinco estrelas
 Clash BR ,  Muito top amo esse jogo est√£o de par bens mas eu na ao ganho nenhuma lend√°ria  no Bad√∫ super m√°gico s√≥ eu q n√£o ganho se poder me dar uma lend√°ria supercel muuto obrigado pela lendaria eu queria um SPARK por favor te amoo a de  coracao te amo supercell  Resenha completa  ,20 de dezembro de 2017,Com a classifica√ß√£o 5 de cinco estrelas
 Anderson Santos Santos ,  O jogo √© muito bom mais na nova atualiza√ß√£o o ba√∫ da coroa t√° bugado aparece um ba√∫ de ouro consert√©m isso por favor supercell e tamb√©m me de uma lendaria sem ser repetida j√° ganhei 2 vezes sparky e lava houd quero lend√°rias diferentes  Resenha completa  ,13 de dezembro de 2017,Com a classifica√ß√£o 5 de cinco estrelas
 Z√© Da Esquina ,  Supercell a minha conta t√° bugada ela toda hora que eu entro aparece que eu estou tentando entrar numa batalha em dupla mas eu n quero entrar corrige isso por favor eu quero jogar n consigo por causa disso Arrrumen isso por favor o nome da minha conta √© vinidoidao lv 10 arena 10 n estou mentindo Por favor arrumem isso que eu quero jogarüò≠  Resenha completa  ,23 de dezembro de 2017,Com a classifica√ß√£o 5 de cinco estrelas
 Stela Capelini ,  Eu adoro esse jogo s√≥ que ele fica travando toda vez √†s vezes eu estou jogando e de repente a tela fica preta e ele sai do jogo (Do NADA) a√≠ eu perco quase todos os meus trof√©us ;---; pfv arrumem isso (eu quase choro de tanta tristeza)  Resenha completa  ,5 de janeiro de 2018,Com a classifica√ß√£o 5 de cinco estrelas
 Liliane Freitas ,  muito bom mais podia lan√ßar uma nova carta como corredor montado num drag√£o.p.e.k.a el√©trica mais √© ot√≠mo o jogo os gr√°ficos s√£o boms mais n√£o devia ser t√£o divisio eu s√≥ n√≠vel 8 e tava na arena 4 mais agora t√¥ na arena 3  Resenha completa  ,15 de janeiro de 2018,Com a classifica√ß√£o 5 de cinco estrelas
 boruto milgrau ,  Essa  poha hackeo meu celular e s√≥ recuperei minha conta depois de dois meses arrumem a seguran√ßa dessa bosta e se as batalhas fossem balanceadas ficaria mais justo       PS:VAI TOMA NO CU  Resenha completa  ,12 de janeiro de 2018,Com a classifica√ß√£o 1 de cinco estrelas
 LAUGHTER IS ALL ,  Esses cara q fala sobre n ganha carta q √© pay to Win √© td nub q n auguenta perde e bota a culpa em q gasto dinheiro pra acelerar o processo de subir de n√≠vel se o cara tem dinheiro ele compra e ajuda os criadores se n fosse as pessoas q compram o jogo iria falir  Resenha completa  ,15 de dezembro de 2017,Com a classifica√ß√£o 5 de cinco estrelas
 Daniel Oliveira ,  Clash Royale √© muito bom s√≥ que eu estou na Arena 2 ainda √© bem dif√≠cil de passar para a Arena 3 s√≥ que √© meio dif√≠cil de lutar contra esses caras a√≠ que tem essas cartas da arena 3 Porque tem pessoa que j√° tem o foguete que fica destruindo as minhas Torres que √© bem muito bem muito bem muito bem muito dif√≠cil √© bem da hora tamb√©m s√≥ que as vezes nem √© assim.  Resenha completa  ,14 de dezembro de 2017,Com a classifica√ß√£o 5 de cinco estrelas
 Calebe Games ,  SUPECELL eu troquei de celular hoje e quando eu fui colocar minha conta eu cliquei e n√£o t√° aparecendo pra mim colocar eu era arena 10 com mago el√©trico esparke e outras e quando eu baixei outro jogo entrou normalmente minha conta ent√£o ptvr passo a vcs a consertaren esse bug. Obg por ler  Resenha completa  ,14 de dezembro de 2017,Com a classifica√ß√£o 5 de cinco estrelas
 ,  Supercell o jogo e √≥timo mas tem muitas coisas para ajustar p√≥ porque n√£o ter a op√ß√£o de escrever mensagens na batalha dpo porque n√£o ganhar XP na batalha 1v1 p√≥ porque n√£o jogar sem neto ajusta isso por favor o jogo ficaria muito mais legal  Resenha completa  ,17 de janeiro de 2018,Com a classifica√ß√£o 5 de cinco estrelas
 PixelsGames05 ,"  Um Jogo excelente √≥timo para ter muitas mem√≥rias engra√ßadas,irritantes e de vitoria jogo incrivelmente espetacular e se vc jogou e voltou a jogar preparece para muita nostalgia e muitas coisas novas eu admito que quase chorei ao voltar a jogar o t√£o incrivel CLASG ROYALE  Resenha completa  ",21 de dezembro de 2017,Com a classifica√ß√£o 5 de cinco estrelas
 ,  Esse jogo ele √© muito bom ele √© o meus melhores que eu j√° j√° baixei J√° baixei entendeu mas s√≥ que o problema √© que eu tenho algumas algumas dificuldades mas o resto √© tudo √≥timo gente por favor abaixem porque ele √© muito bom e ele d√° uma boa qualidade para a gente entender ele mostra ele mostra para gente que ele √© muito bom ele √© muito bom eu t√¥ quase viciando nesse celular  Resenha completa  ,18 de dezembro de 2017,Com a classifica√ß√£o 5 de cinco estrelas
 Geinyalisson Martins ,  jogo e muito bom so tenho uma opini√£o os criadores deviam calcula os trof√©us que vc ou o advers√°rio chegou a√≠ teria uma batalha mais justa porque os cara no dia do ba√∫ do cl√£ desse trof√©us e vai batalhar com os cara fraco eu acho que eles deviam fazer assim  Resenha completa  ,29 de dezembro de 2017,Com a classifica√ß√£o 5 de cinco estrelas
 ,  Supercell o jogo √© bom muito bom mas no meu Clash Royale eu estou na arena 7 e ganhei 2 baus lendarios e veio EPICA por favor se voc√™is poderem arumar isso para mim eu agrade√ßo mas tirando isso o jogo √© bom.Recomendo voc√™is a instalarem  Resenha completa  ,1 de janeiro de 2018,Com a classifica√ß√£o 5 de cinco estrelas
 DJAndr√© Bala ,  Superccel muito obrigado pelo pr√≠ncipe ainda mais porque foi presente obrigado mesmo mas estou pedindo a √∫ltima e √© uma lend√°ria drag√£o infernal ou mago de gelo caso eu passar de arena. Muito obrigado por esse jogo maravilhoso e todo seu trabalho e obrigado pelo pr√≠ncipe  Resenha completa  ,30 de dezembro de 2017,Com a classifica√ß√£o 5 de cinco estrelas
 Ghost 0078 ,  O desbalanceamento est√° horr√≠vel mesmo estando nua arena alta est√° muito ruim e tamb√©m parece que o n√≠vel de dificuldade aumento toda hora s√≥ pego decks cauter ou as cartas s√£o muito fortes e tamb√©m que o n√≠vel e muito a cima pra faixa de trof√©us  Resenha completa  ,18 de janeiro de 2018,Com a classifica√ß√£o 1 de cinco estrelas
 ,  Esse jogo √© horr√≠vel ele mistura pessoa de n√≠vel 9 com pessoa de n√≠vel 6 e Arena tamb√©m e fora o fato que quando voc√™ ganha 30 de ganhar uma partida 30 trof√©is e quando voc√™ perde voc√™ perde 29 trof√©is e isso √© horr√≠vel Eu passo muita raiva e isso √© muito frustrante S√≥ uma palavra muito horr√≠vel  Resenha completa  ,19 de janeiro de 2018,Com a classifica√ß√£o 1 de cinco estrelas
 papo de virgem ,  Cara o jogo e  O otimoooo  Adoro  Vc podiam dar um bau lendario de aniversario do clash royale  O jogo jae top Mano 3 veiz que vou zerar  Amo o jogo  Coloca mais lendarias fodas  E epicas  Raras E comuns  Resenha completa  ,20 de janeiro de 2018,Com a classifica√ß√£o 5 de cinco estrelas
 Pet Of Dogcat ,  Melhor jogo mas meu primo t√° na arena 5 e n√£o ganha lend√°ria e supercell nos clicamos em n√£o avaliar foi sem querer da lend√°ria para meu primo e  cartas Boas nos ba√∫ da arena 1 que comecei a jogar faz pouco tempo e pfv melhor jogo aobg por lerüòÑüòâ  Resenha completa  ,18 de dezembro de 2017,Com a classifica√ß√£o 5 de cinco estrelas
 Paulo Victor Rodrigues Cardoso ,  Supercell Voc√™s sa√≠ram muito bem Voc√™s deviam ganhar o podia ter um premia√ß√£o de melhor cria√ß√£o do jogo e a supercell venceria e no Natal e no ano novo podia dar uma lend√°ria para quem tivesse da arena 4 para cima e e dar 100 gemas e 1000 moedas gr√°tis  Resenha completa  ,24 de dezembro de 2017,Com a classifica√ß√£o 5 de cinco estrelas
 Igor Henrique ,  Eu acho que deveria ter jeito de vender cartas e emprester deck de batalha tipo eu emprestar meu deck pro meu irm√£o e tipo eu tenho duas pekka e vendo uma pra um amigo ai ai eu vendo uma pro amigo e uma fica comigo e eu tenho 10 cartas da torre tesla e vendo10 e lend√°rias vendo por joias  Resenha completa  ,19 de dezembro de 2017,Com a classifica√ß√£o 5 de cinco estrelas
 Julio Batista ,  O jogo e uma coisa bem impressionante a jogabilidade as estrat√©gias o s graficos a√ß√£o incr√≠veis amei mas tem que melhorar esses bugs do rei dan√ßar ficar parado n√£o  conseguir mecher o personagens e tamb√©m tem que colocar um feito mai Brasil de conseguir XP para subir de lvl  Resenha completa  ,26 de dezembro de 2017,Com a classifica√ß√£o 5 de cinco estrelas
 angelica ferreira ,  Toda vez q entro na minha segunda conta diz que o servidor e o jogador n√£o est√£o sincronizados j√° desinstalei e instalei dnv mas nada resolve pfvr ajeitem isso pois gosto muito do jogo  Resenha completa  ,2 de janeiro de 2018,Com a classifica√ß√£o 5 de cinco estrelas
