,autor,comentario,data,nota
0, ANDRO TUTORS ,  Superecell por favor na pr√≥xima atualiza√ß√£o tirem esse lance de abrir um ba√∫ de cada vez pra que possa abrir todos de uma vez por que ficar esperando 3 horas 8 horas 12 horas por um ba√∫ enquanto a gente n√£o tem espa√ßo pra colocar os ba√∫s isso atrapalha o nosso progresso por favor levem a minha opini√£o em considera√ß√£o  Resenha completa  ,19 de janeiro de 2018,Com a classifica√ß√£o 5 de cinco estrelas
1, P√¥nei de Tr√≥ia ,  S√≥ pe√ßo pros desenvolvedores resolverem o problema do teclado que buga na hora de digitar e n√£o abre de jeito nenhum E tamb√©m pra colocarem um sistema de balanceamento de n√≠veis porque t√™m v√°rios caras que descem de arena s√≥ pra trolagem nas arenas mais baixas  Resenha completa  ,17 de janeiro de 2018,Com a classifica√ß√£o 5 de cinco estrelas
2, fabricio silva ,  Melhor jogo de cartas para android e ios desenvolvem mais o jogo para abrir o ba√∫ mais rapido sem gastar gemas coloquem para adicionar amigos pela tag do jogador tamb√©m quem concorda deixa like!üëçcoloquem para trocar de nome quantas vezes quiser por favor porqu√™ me trollaram quando atualizarem coloquem essa op√ß√£o!  Resenha completa  ,20 de janeiro de 2018,Com a classifica√ß√£o 5 de cinco estrelas
3, Davi mafoo ,  Esse jogo √© muito muito bom gr√°fico √© √≥timo s√≥ que eles podiam colocar na batalha 10 segundos para para escolher porque √© muito r√°pido voc√™ clica Voc√™ clica Sem querer a√≠ voc√™ tem que batalhar e se eu tiver com deck ruim j√° era voc√™ perde Trof√©u  Resenha completa  ,3 de janeiro de 2018,Com a classifica√ß√£o 5 de cinco estrelas
4, Thiago Henrique ,  Supercell desde a √∫ltima vers√£o do jogo o jogo n√£o roda eu coloco a carta e ela fica 3 anos pra aparecer e n√£o √© o meu wifi porque ele √© 100 mega ent√£o por favor eu gosto muito do jogo mas n√£o roda por isso estou te enviando a mensagem por favor me ajudem  Resenha completa  ,8 de janeiro de 2018,Com a classifica√ß√£o 4 de cinco estrelas
5, Marcel Li ,  Supercel cara c√° voc√™s colocou gente que quer ganhar torneio com gente qe n√£o sabe jogar mano o jogo  e muito injusto esses caras gemas de sendo de arena e vindo batalhar com gente sem lendaria mano deixei esse jogo mais justo  Obrigado pela aten√ß√£o  Resenha completa  ,12 de janeiro de 2018,Com a classifica√ß√£o 3 de cinco estrelas
6, Otavio clesh ,  Olha supercell  ta chegando natal dava  pra vcs fazer um bau natalino que venha algumas lendarias e n√£o desafios nen todo mundo e bom em desafios nen que seja cada um que vc clopleta desafio venha algumas lendarias  cada curtida nesse comentario vcs v√£o ver se fazen isso natal ja e domingo n√£o e um dia gualquer como quase sempre ne vcs compriendem  Resenha completa  ,22 de dezembro de 2017,Com a classifica√ß√£o 5 de cinco estrelas
7, Jhonatan V ,  O jogo era bom at√© que ele come√ßou a travar quando seu oponente atacar cartas com o custo de elixir alto e √†s vezes trava mesmo quando a internet est√° muito boa e isso come√ßou a acontecer quando ele foi atualizado pesso que consertem isso at√© o torneio as cartas n√£o est√£o com o n√≠vel de acordo  Resenha completa  ,4 de janeiro de 2018,Com a classifica√ß√£o 3 de cinco estrelas
8, Gabriel Ravadelli ,"  Supercell o novo ba√∫ do rel√¢mpago das miss√µes t√° bugado conserte esse erro o mais r√°pido poss√≠vel tem pessoas que n√£o t√£o conseguindo acessar as contas,eu gosto muito desse joga mais n√£o quero minha conta bugada  Resenha completa  ",20 de janeiro de 2018,Com a classifica√ß√£o 2 de cinco estrelas
9, ,  Adorei esse jogo tem gente que fica falando que n√£o consegue carta nenhuma as coisas essas pessoas que n√£o sabe jogar tudo bem eu n√£o sou t√£o bom no Clash ainda t√¥ na arena4 mas s√≥ estou dando minha opini√£o  Resenha completa  ,25 de dezembro de 2017,Com a classifica√ß√£o 5 de cinco estrelas
10, Clash BR ,  Muito top amo esse jogo est√£o de par bens mas eu na ao ganho nenhuma lend√°ria  no Bad√∫ super m√°gico s√≥ eu q n√£o ganho se poder me dar uma lend√°ria supercel muuto obrigado pela lendaria eu queria um SPARK por favor te amoo a de  coracao te amo supercell  Resenha completa  ,20 de dezembro de 2017,Com a classifica√ß√£o 5 de cinco estrelas
11, Z√© Da Esquina ,  Supercell a minha conta t√° bugada ela toda hora que eu entro aparece que eu estou tentando entrar numa batalha em dupla mas eu n quero entrar corrige isso por favor eu quero jogar n consigo por causa disso Arrrumen isso por favor o nome da minha conta √© vinidoidao lv 10 arena 10 n estou mentindo Por favor arrumem isso que eu quero jogarüò≠  Resenha completa  ,23 de dezembro de 2017,Com a classifica√ß√£o 5 de cinco estrelas
12, CAUS PLAYER #causgamer ,  O jogo √© bom mais eu n√£o estou conseguindo entrar nele pois passa alguns minutos e o jogo sai sozinho o meu celular √© o Lenovo vibe 2B por favor arrumem isso se n√£o v√£o perder um √≥timo jogador  Resenha completa  ,3 de janeiro de 2018,Com a classifica√ß√£o 4 de cinco estrelas
13, ,  O jogo √© muito bom mais nos celulares da Motorola ex moto g4 plus que √© o meu ele drena muita bateria esquenta muito e eu n√£o entendo pois √© um jogo muito simples seria muito bom se o jogo tivesse uma otimiza√ß√£o na prossima atualiza√ß√£o adoro muito o jogo √© se acontecesse esa otimiza√ßao ficaria muito agradecido  Resenha completa  ,15 de janeiro de 2018,Com a classifica√ß√£o 3 de cinco estrelas
14, Felipe Silveira ,  Acho que devia melhorar uns neg√≥cio tipo o cara ser level 8 e eu level 6 e ter que jogar contra ele tinham que resolver isso pq n tem como vo passa de arena pego um cara assim a√≠ n√£o         da supercell  Resenha completa  ,21 de janeiro de 2018,Com a classifica√ß√£o 3 de cinco estrelas
15, Gustavo H ,  Supercell por favor arrume o clash porque quando voc√™ est√° entrando no jogo se vc clicar no lugar onde fica o bot√£o de 1v1mesmo sem o jogo come√ßa ele entra em uma batalha e isso √© ruim porque eu ja perdi trof√©us assi e posso at√© deacer de srena  Resenha completa  ,29 de dezembro de 2017,Com a classifica√ß√£o 5 de cinco estrelas
16, ,  concordo no natal deveriamos receber algum presente como gemas dinheiro cartas ia ser muito legal od jogadores iam ter mais facilidades em vencer as partidas a noticia ia se espalhar mais ainda e mais pessoas iam jogar ent√£o fa√ß√£o isso por favor  Resenha completa  ,19 de dezembro de 2017,Com a classifica√ß√£o 5 de cinco estrelas
17, Khristian Santos ,  Ent√£o super cell eu sou f√£  de voc√™s pra caramba eu tava aqui pensando da mesma forma que tem uma carta das tr√™s mosqueteiras poderia ter uma carta do mago tbm no caso os tr√™s magos seria mt bacana se tivesse essa carta  Resenha completa  ,23 de janeiro de 2018,Com a classifica√ß√£o 5 de cinco estrelas
18, Guilherme Games ,  O jogo e o melhor jogo do mundo mais depois dessa atualiza√ß√£o o ba√∫ da coroa ficou bugado agora quando a pessoa clica nele ele e de ouro e outro problema e o bot√£o cancel√°r ele n funciona desde que lan√ßaram o jogo mais o resto e tudo perfeito so ajeiten isso pf  Resenha completa  ,6 de janeiro de 2018,Com a classifica√ß√£o 5 de cinco estrelas
19, Oscar Alves ,  as batalhas deveri√£o ser equilibradas e n√£o por exemplo eu sou lvl 9 n√£o tenho comuns lvl 9 ainda e estou na arena 10 ai aparece  os cara lvl 11 com cumum 10 e 11 ai mata minha gangue com seus zap ai fica ossso n√© espero que melhorem issoüòµ  Resenha completa  ,18 de dezembro de 2017,Com a classifica√ß√£o 2 de cinco estrelas
20, GAME CLASH ,  Supercell voc√™ se superou essa nova atualiza√ß√£o ficou muito top ainda mas os novos ba√∫s √†s novas cartas e a nova arena mas tenho uma ideia porque voc√™ n√£o faz um torneio de gemas pra todos com o xp 5 at√© os outros xp 9 10 11 at√© os outroa xp  Resenha completa  ,17 de dezembro de 2017,Com a classifica√ß√£o 5 de cinco estrelas
21, Guilherme da Mota Filho ,  Parab√©ns Supers Cell melhor jogo que eu j√° vi e muitas pessoas j√° viram por favor n√£o mi banem por favor meu nome √© supecell eu n s√°bia que √© proibido usa esse nome mas o jogo √© √≥timo da raiva  as fezes mas depois passa parab√©ns eu amei esse jogo √© meu passa tempo preferido  Resenha completa  ,11 de janeiro de 2018,Com a classifica√ß√£o 5 de cinco estrelas
22, Felipe Lets Play ,  O jogo e √≥timo excelente o √∫nico problema e o pre√ßo dos ba√∫s e das gemas eu acho tudo muito caro e vcs poderia faze mais 3 Arenas e 12 cartas novas da pr√≥xima atualiza√ß√£o eu acho que seria bem melho eu sei que n√£o √© f√°cil mais tenta  Resenha completa  ,4 de janeiro de 2018,Com a classifica√ß√£o 5 de cinco estrelas
23, Nata Missael ,  Supercell pfv arrume isso meu clash Royale n√£o quer passa 50 √© a 3 vez q isso acontece √© n√£o √© a internet pq meu YouTube t√° pegando normal espero q arrume dei 5 estrelas pq realmente gosto muito do jogo  Resenha completa  ,25 de janeiro de 2018,Com a classifica√ß√£o 5 de cinco estrelas
24, Tauros Play ,"  Supercell minha conta foi hackeada e gastaram meus 90.000 de moedas minhas 100 gemas e trocaram meu nome meu nome era Tauros e colocaram Tauros nob, eu queria saber se dava pra eu concertar e ganhar pelo menos meu dinheiro pq √© dif√≠cil a pessoa ganhar esse dinheiro sem gemar como eu fa√ßo obg leiam por favor  Resenha completa  ",9 de janeiro de 2018,Com a classifica√ß√£o 5 de cinco estrelas
25, Marlon Bassegio ,  despois desse ultima atualiza√ßao obrigatorio o jogo atrasou muito to jo desafio do elexir triplo ja perdi 2 vezes pq entra atrasado e antes de atualizar n dava essa coisa pf arrumem isso  Resenha completa  ,19 de dezembro de 2017,Com a classifica√ß√£o 4 de cinco estrelas
26, Rafael Moreira ,  O clash royale √© muito legal eu tenho s√≥ 4 lendarias duas cartas lendarias foi no ba√∫ super m√°gico e outro dois foi no ba√∫ lend√°rio eu consegui minha primeira carta lendaria foi o cemit√©rio e minha segundo carta lendaria foi a sparky e a minha terceiro carta lendaria foi o tronco e minha quarta carta lendaria foi o mineiro. supercell bota de volta o desafio da estrategia.  Resenha completa  ,22 de dezembro de 2017,Com a classifica√ß√£o 5 de cinco estrelas
27, Samuca herocraft ,  Vcs podiam botar canh√£o de cano duplo cabana de b√°rbaros de elite mega cavaleiro com duas mini esparcks nas m√£os e torre infernal que atira 4 lasers de lava de uma vez mas o jogo √© √≥timo gostei muito  Resenha completa  ,24 de dezembro de 2017,Com a classifica√ß√£o 5 de cinco estrelas
28, SANDRO GPLAYS ,  SUPERCEL RESOLVAM ISSO TO COM O BAU DO REI LENDARIO BUGADO  COMPLETEI A MISS√ÉO  E QUANDO EU TENTO ABRIR O BA√ö DIZ Q EU TO COM ERRO 104 E ME MANDA PRO SITE NO GOGLE DE AJUDA  Resenha completa  ,14 de janeiro de 2018,Com a classifica√ß√£o 5 de cinco estrelas
29, raphael alves ,  As notifica√ß√µes est√£o bugadas coloquei para  abri um ba√∫ gigante era 9 horas da noite as 9 da manh√£ eu abri ele  14 horas veio a notifica√ß√£o falando que ele estava aberto tirando isso o melhor jogo que eu j√° joguei de longe  Resenha completa  ,27 de dezembro de 2017,Com a classifica√ß√£o 5 de cinco estrelas
30, geme plays ,  O jogo √© muito bom recomendo mais um problema da supercell √© uns bug tem v√°rios bugs la na minha conta eu t√¥ na arena 1 mas o meu trof√©u j√° era para mim subir para arena 3 e a supercell n√£o resolveu  Resenha completa  ,21 de dezembro de 2017,Com a classifica√ß√£o 4 de cinco estrelas
31, ONEFORALL ,  Poxa supercell vcs deviam botar um ba√∫ gr√°tis que viesse pelo menos uma lend√°ria pq eu jogo a muito tempo vai completar  um ano e pelo que parece eu vou ter que gemar pra conseguir  uma lend√°ria pq t√° dif√≠cil mais fora isso o jogo t√° chavoso  Resenha completa  ,25 de dezembro de 2017,Com a classifica√ß√£o 5 de cinco estrelas
32, ,  Mas √© muito dif√≠cil pra conseguir cartas lend√°rias porque eu queria que tivese um jeito mais f√°cil de conseguir cartas lend√°rias eu queria ter pelomenos alguma carta lend√°ria puriso n√£o gostei muito mas se voc√™s conseguise mudar isso por favor  Resenha completa  ,29 de dezembro de 2017,Com a classifica√ß√£o 5 de cinco estrelas
33, Lucas Gabriel Sampaio ,  Supercell o seu jogo √© muuuuuuito lugal mesmo mas eu fui jogar outro dia e eu tava na arena 6 e antes eu estava na 11 ah e o meu jogo bugou ontem que eu perdi as minhas gemas eu estava econo mizando mas perdi todas supercell porfavor conserte isso  Resenha completa  ,2 de janeiro de 2018,Com a classifica√ß√£o 5 de cinco estrelas
34, Killer. Br ,  Supercell o jogo e top d+ parab√©ns a √∫nica coisa q me deixa irritado eo sistema de batalha as vezes pego jogadores nivel 12 com cartas maximizadas e isso e muito injusto. Mas fora isso o jogo e top.  Resenha completa  ,23 de dezembro de 2017,Com a classifica√ß√£o 5 de cinco estrelas
35, Junior Play Gamer ,  Essa supercell falo que ia dar nos ba√∫s cara q agente tem poucas s√≥ que as que agente precisa ela deixa agente q se vire pedindo no clan e tamb√©m a supercell deveria colocar nas batalhas brasileiro vc brasileiro e ingl√™s vc ingl√™s e assim q vai ai a conex√£o ia ser bem melhor  Resenha completa  ,31 de dezembro de 2017,Com a classifica√ß√£o 3 de cinco estrelas
36, ,  O jogo √© legal mas o bug do ba√∫ do rel√¢mpago nas miss√£o ele t√° fazendo muitos jogadores de clash royale parar de jogar eu to tentando recuperar minha conta mas n√£o d√° eu gastei muito nesse jogo para perde a conta pq arrumem isso esse bug do ba√∫ do rel√¢mpago das miss√£o  Resenha completa  ,1 de janeiro de 2018,Com a classifica√ß√£o 5 de cinco estrelas
37, Victor Belo ,  O jogo e muito muito muito bom mesmo mais uma coisa q sempro falo e q eu to na arena 8 quase indo pra nove e n√£o tenho nenhuma lendaria ta muito dif√≠cil conseguir uma so se quer lendaria e tambem deveria dar uns brinde tipo 1900 gemas etc  Resenha completa  ,30 de dezembro de 2017,Com a classifica√ß√£o 4 de cinco estrelas
38, ,  O jogo e muito bom so que quando alguem joga o adiversario e muito mais forte nao tem gra√ßa de jogar e ele sempre tem uma carta melhor e nao tem como ganhar eu acho que deveria ser igual tipo as mesma carta para quem esta batalhando dai todos tem chance de ganhar a batalha  Resenha completa  ,5 de janeiro de 2018,Com a classifica√ß√£o 5 de cinco estrelas
39, Patricia Pereira ,  Supercell me de uma lendaria tipo mega cavaleiro ou mago eletrico por que isso j√° t√° chato eu t√¥ na arena 9 e s√≥ tem cara gemado com n√≠vel de XP 9  e  11 e isso t√° chato mas tirando isso o jogo √© ais que esse lente √© √≥timo  Resenha completa  ,19 de dezembro de 2017,Com a classifica√ß√£o 5 de cinco estrelas
